{
  "em_score": 0.006300114547537228,
  "bleu": 0.536708325927905
}