epoch,train_loss,val_loss
1,0.9178,
1,,0.285610706
2,0.4193,
2,,0.265512824
3,0.3671,
3,,0.264850497
4,0.332,
4,,0.262951523
5,0.3056,
5,,0.265093595
6,0.285,
6,,0.26662305
7,0.2688,
7,,0.268609047
8,0.2565,
8,,0.271103621
9,0.2475,
9,,0.272493422
9.988985507,0.2422,
9.988985507,,0.27444464
