epoch,train_loss,val_loss
1.0,0.9503,
1.0,,0.2878533899784088
2.0,0.4198,
2.0,,0.26882341504096985
3.0,0.3686,
3.0,,0.26380491256713867
4.0,0.3345,
4.0,,0.26389962434768677
5.0,0.3084,
5.0,,0.2652001678943634
6.0,0.2877,
6.0,,0.2677176296710968
7.0,0.2713,
7.0,,0.27008891105651855
8.0,0.2591,
8.0,,0.27264612913131714
9.0,0.2499,
9.0,,0.2742815315723419
9.988985507246376,0.2442,
9.988985507246376,,0.2756025195121765
